idx,phase,candidate,rep,req,status,ms,len,result,note,ts
0,env,0,0,0,200,0,0,env,exit-ip=142.249.36.65; proxy=http://127.0.0.1:7897; utc=2026-10-02T12:45:59.7966603Z,2026-10-02T20:45:59.7974023+08:00
1,env,0,0,0,0,0,0,ids,browse-failed:HttpRequestException fallback to KnownId only,2026-10-02T20:46:16.4484843+08:00
2,A-try1,0,0,1,200,1105,108920,1,,2026-10-02T20:46:17.5571017+08:00
3,A-try1,0,0,2,200,642,108920,1,,2026-10-02T20:46:18.2002135+08:00
4,A-try1,0,0,3,200,579,108920,1,,2026-10-02T20:46:18.7806146+08:00
5,A-try1,0,0,4,200,1208,108920,1,,2026-10-02T20:46:19.9896514+08:00
6,A-try1,0,0,5,200,459,108920,1,,2026-10-02T20:46:20.4501102+08:00
7,A-try1,0,0,6,200,465,108920,1,,2026-10-02T20:46:20.9165744+08:00
8,A-try1,0,0,7,200,2199,108920,1,,2026-10-02T20:46:23.1171755+08:00
9,A-try1,0,0,8,200,570,108920,1,,2026-10-02T20:46:23.6883331+08:00
10,A-try1,0,0,9,200,555,108920,1,,2026-10-02T20:46:24.2441508+08:00
11,A-try1,0,0,10,200,1897,108920,1,,2026-10-02T20:46:26.1418875+08:00
12,A-try1,0,0,11,200,966,108920,1,,2026-10-02T20:46:27.1092771+08:00
13,A-try1,0,0,12,200,669,108920,1,,2026-10-02T20:46:27.7796116+08:00
14,A-try1,0,0,13,200,549,108920,1,,2026-10-02T20:46:28.3293687+08:00
15,A-try1,0,0,14,200,795,108920,1,,2026-10-02T20:46:29.1258427+08:00
16,A-try1,0,0,15,200,830,108920,1,,2026-10-02T20:46:29.9583868+08:00
17,A-try1,0,0,16,200,621,108920,1,,2026-10-02T20:46:30.5803587+08:00
18,A-try1,0,0,17,200,556,108920,1,,2026-10-02T20:46:31.1374120+08:00
19,A-try1,0,0,18,200,627,108920,1,,2026-10-02T20:46:31.7655116+08:00
20,A-try1,0,0,19,200,1280,108920,1,,2026-10-02T20:46:33.0463173+08:00
21,A-try1,0,0,20,200,647,108920,1,,2026-10-02T20:46:33.6945429+08:00
22,A-try1,0,0,21,429,1170,329628,0,,2026-10-02T20:46:34.8656577+08:00
23,env,0,0,0,200,0,1,b1-induction,first-pass induce result=21,2026-10-02T20:46:34.8667220+08:00
24,A-t5r1,0,0,1,429,906,329628,0,,2026-10-02T20:46:35.7737558+08:00
25,B1,5,1,0,0,0,0,induce,reinduce=1,2026-10-02T20:46:35.7744022+08:00
26,B1,5,1,0,200,634,109305,1,,2026-10-02T20:46:41.4099867+08:00
27,A-t5r2,0,0,1,429,4391,329628,0,,2026-10-02T20:47:00.8146886+08:00
28,B1,5,2,0,0,0,0,induce,reinduce=1,2026-10-02T20:47:00.8151276+08:00
29,B1,5,2,0,200,679,109305,1,,2026-10-02T20:47:06.5070321+08:00
30,A-t5r3,0,0,1,429,958,329628,0,,2026-10-02T20:47:22.4799513+08:00
31,B1,5,3,0,0,0,0,induce,reinduce=1,2026-10-02T20:47:22.4808754+08:00
32,B1,5,3,0,200,716,109305,1,,2026-10-02T20:47:28.2109198+08:00
33,A-t10r1,0,0,1,429,1168,329628,0,,2026-10-02T20:49:29.3855612+08:00
34,B1,10,1,0,0,0,0,induce,reinduce=1,2026-10-02T20:49:29.3864754+08:00
35,B1,10,1,0,200,565,109305,1,,2026-10-02T20:49:39.9670102+08:00
36,A-t10r2,0,0,1,429,1625,329628,0,,2026-10-02T20:49:56.5935447+08:00
37,B1,10,2,0,0,0,0,induce,reinduce=1,2026-10-02T20:49:56.5941890+08:00
38,B1,10,2,0,200,736,109305,1,,2026-10-02T20:50:07.3450768+08:00
39,A-t10r3,0,0,1,429,964,329628,0,,2026-10-02T20:50:23.3171723+08:00
40,B1,10,3,0,0,0,0,induce,reinduce=1,2026-10-02T20:50:23.3179230+08:00
41,B1,10,3,0,200,686,109305,1,,2026-10-02T20:50:34.0064918+08:00
42,A-t15r1,0,0,1,429,1759,329628,0,,2026-10-02T20:52:35.7671354+08:00
43,B1,15,1,0,0,0,0,induce,reinduce=1,2026-10-02T20:52:35.7675559+08:00
44,B1,15,1,0,200,706,109998,1,,2026-10-02T20:52:51.4885187+08:00
45,A-t15r2,0,0,1,429,1015,329628,0,,2026-10-02T20:53:07.5186341+08:00
46,B1,15,2,0,0,0,0,induce,reinduce=1,2026-10-02T20:53:07.5192668+08:00
47,B1,15,2,0,200,632,110006,1,,2026-10-02T20:53:23.1621819+08:00
48,A-t15r3,0,0,1,429,399,329628,0,,2026-10-02T20:53:38.5770707+08:00
49,B1,15,3,0,0,0,0,induce,reinduce=1,2026-10-02T20:53:38.5774307+08:00
50,B1,15,3,0,200,811,110014,1,,2026-10-02T20:53:54.3934047+08:00
51,A-t20r1,0,0,1,429,1254,329628,0,,2026-10-02T20:55:55.6484528+08:00
52,B1,20,1,0,0,0,0,induce,reinduce=1,2026-10-02T20:55:55.6488520+08:00
53,B1,20,1,0,200,748,109991,1,,2026-10-02T20:56:16.4074122+08:00
54,A-t20r2,0,0,1,200,1149,109618,1,,2026-10-02T20:56:32.5604123+08:00
55,A-t20r2,0,0,2,200,468,109618,1,,2026-10-02T20:56:33.0296005+08:00
56,A-t20r2,0,0,3,200,460,109618,1,,2026-10-02T20:56:33.4911590+08:00
57,A-t20r2,0,0,4,200,505,109618,1,,2026-10-02T20:56:33.9970456+08:00
58,A-t20r2,0,0,5,200,554,109618,1,,2026-10-02T20:56:34.5518425+08:00
59,A-t20r2,0,0,6,200,503,109618,1,,2026-10-02T20:56:35.0555333+08:00
60,A-t20r2,0,0,7,200,873,109618,1,,2026-10-02T20:56:35.9289982+08:00
61,A-t20r2,0,0,8,200,607,109618,1,,2026-10-02T20:56:36.5372478+08:00
62,A-t20r2,0,0,9,200,558,109618,1,,2026-10-02T20:56:37.0962907+08:00
63,A-t20r2,0,0,10,200,863,109618,1,,2026-10-02T20:56:37.9600910+08:00
64,A-t20r2,0,0,11,200,516,109618,1,,2026-10-02T20:56:38.4766459+08:00
65,A-t20r2,0,0,12,200,483,109618,1,,2026-10-02T20:56:38.9605762+08:00
66,A-t20r2,0,0,13,200,496,109618,1,,2026-10-02T20:56:39.4575324+08:00
67,A-t20r2,0,0,14,200,428,109618,1,,2026-10-02T20:56:39.8861089+08:00
68,A-t20r2,0,0,15,200,1170,109618,1,,2026-10-02T20:56:41.0574799+08:00
69,A-t20r2,0,0,16,200,1214,109618,1,,2026-10-02T20:56:42.2726659+08:00
70,A-t20r2,0,0,17,200,512,109618,1,,2026-10-02T20:56:42.7858104+08:00
71,A-t20r2,0,0,18,200,451,109618,1,,2026-10-02T20:56:43.2382131+08:00
72,A-t20r2,0,0,19,200,434,109618,1,,2026-10-02T20:56:43.6728342+08:00
73,A-t20r2,0,0,20,200,466,109618,1,,2026-10-02T20:56:44.1398413+08:00
74,A-t20r2,0,0,21,429,538,329628,0,,2026-10-02T20:56:44.6787172+08:00
75,B1,20,2,0,0,0,0,induce,reinduce=21,2026-10-02T20:56:44.6791891+08:00
76,B1,20,2,0,200,429,109992,1,,2026-10-02T20:57:05.1175332+08:00
77,A-t20r3,0,0,1,429,720,329628,0,,2026-10-02T20:57:20.8495642+08:00
78,B1,20,3,0,0,0,0,induce,reinduce=1,2026-10-02T20:57:20.8500185+08:00
79,B1,20,3,0,200,525,110000,1,,2026-10-02T20:57:41.3880380+08:00
80,A-t30r1,0,0,1,429,1349,329628,0,,2026-10-02T20:59:42.7534749+08:00
81,B1,30,1,0,0,0,0,induce,reinduce=1,2026-10-02T20:59:42.7540564+08:00
82,B1,30,1,0,200,1251,110000,1,,2026-10-02T21:00:14.0100145+08:00
83,A-t30r2,0,0,1,429,1270,329628,0,,2026-10-02T21:00:30.2857275+08:00
84,B1,30,2,0,0,0,0,induce,reinduce=1,2026-10-02T21:00:30.2862581+08:00
85,B1,30,2,0,200,461,110000,1,,2026-10-02T21:01:00.7502829+08:00
86,A-t30r3,0,0,1,429,595,329628,0,,2026-10-02T21:01:16.3475619+08:00
87,B1,30,3,0,0,0,0,induce,reinduce=1,2026-10-02T21:01:16.3480927+08:00
88,B1,30,3,0,200,716,109991,1,,2026-10-02T21:01:47.0670395+08:00
89,A-t45r1,0,0,1,429,1655,329628,0,,2026-10-02T21:03:48.7363121+08:00
90,B1,45,1,0,0,0,0,induce,reinduce=1,2026-10-02T21:03:48.7366759+08:00
91,B1,45,1,0,200,1346,110001,1,,2026-10-02T21:04:35.0911887+08:00
92,A-t45r2,0,0,1,429,800,329628,0,,2026-10-02T21:04:50.8932047+08:00
93,B1,45,2,0,0,0,0,induce,reinduce=1,2026-10-02T21:04:50.8935587+08:00
94,B1,45,2,0,200,444,110002,1,,2026-10-02T21:05:36.3537027+08:00
95,A-t45r3,0,0,1,429,685,329628,0,,2026-10-02T21:05:52.0459094+08:00
96,B1,45,3,0,0,0,0,induce,reinduce=1,2026-10-02T21:05:52.0464218+08:00
97,B1,45,3,0,200,2117,110002,1,,2026-10-02T21:06:39.1779415+08:00
98,A-t60r1,0,0,1,200,1089,109627,1,,2026-10-02T21:08:40.2780557+08:00
99,A-t60r1,0,0,2,200,7827,109627,1,,2026-10-02T21:08:48.1061905+08:00
100,A-t60r1,0,0,3,200,910,109627,1,,2026-10-02T21:08:49.0168705+08:00
101,A-t60r1,0,0,4,200,665,109627,1,,2026-10-02T21:08:49.6825880+08:00
102,A-t60r1,0,0,5,200,462,109627,1,,2026-10-02T21:08:50.1454333+08:00
103,A-t60r1,0,0,6,200,801,109627,1,,2026-10-02T21:08:50.9478471+08:00
104,A-t60r1,0,0,7,200,621,109627,1,,2026-10-02T21:08:51.5693589+08:00
105,A-t60r1,0,0,8,200,626,109627,1,,2026-10-02T21:08:52.1968088+08:00
106,A-t60r1,0,0,9,200,679,109627,1,,2026-10-02T21:08:52.8765479+08:00
107,A-t60r1,0,0,10,200,880,109627,1,,2026-10-02T21:08:53.7571938+08:00
108,A-t60r1,0,0,11,200,918,109627,1,,2026-10-02T21:08:54.6755005+08:00
109,A-t60r1,0,0,12,200,871,109627,1,,2026-10-02T21:08:55.5469544+08:00
110,A-t60r1,0,0,13,200,777,109623,1,,2026-10-02T21:08:56.3244057+08:00
111,A-t60r1,0,0,14,200,712,109623,1,,2026-10-02T21:08:57.0377867+08:00
112,A-t60r1,0,0,15,200,607,109623,1,,2026-10-02T21:08:57.6453028+08:00
113,A-t60r1,0,0,16,200,721,109623,1,,2026-10-02T21:08:58.3667161+08:00
114,A-t60r1,0,0,17,200,621,109623,1,,2026-10-02T21:08:58.9891010+08:00
115,A-t60r1,0,0,18,200,734,109623,1,,2026-10-02T21:08:59.7239008+08:00
116,A-t60r1,0,0,19,200,658,109623,1,,2026-10-02T21:09:00.3832496+08:00
117,A-t60r1,0,0,20,200,607,109623,1,,2026-10-02T21:09:00.9913827+08:00
118,A-t60r1,0,0,21,429,1108,329628,0,,2026-10-02T21:09:02.1001505+08:00
119,B1,60,1,0,0,0,0,induce,reinduce=21,2026-10-02T21:09:02.1007909+08:00
120,B1,60,1,0,200,807,110231,1,,2026-10-02T21:10:02.9180799+08:00
121,A-t60r2,0,0,1,429,1055,329628,0,,2026-10-02T21:10:18.9747854+08:00
122,B1,60,2,0,0,0,0,induce,reinduce=1,2026-10-02T21:10:18.9754327+08:00
123,B1,60,2,0,200,1059,110031,1,,2026-10-02T21:11:20.0455135+08:00
124,A-t60r3,0,0,1,429,713,329628,0,,2026-10-02T21:11:35.7688335+08:00
125,B1,60,3,0,0,0,0,induce,reinduce=1,2026-10-02T21:11:35.7694172+08:00
126,B1,60,3,0,200,433,110039,1,,2026-10-02T21:12:36.2069083+08:00
127,A-t90r1,0,0,1,429,3864,329628,0,,2026-10-02T21:14:40.0854177+08:00
128,B1,90,1,0,0,0,0,induce,reinduce=1,2026-10-02T21:14:40.0857913+08:00
129,B1,90,1,0,200,1312,110039,1,,2026-10-02T21:16:11.4014666+08:00
130,A-t90r2,0,0,1,429,574,329628,0,,2026-10-02T21:16:26.9764716+08:00
131,B1,90,2,0,0,0,0,induce,reinduce=1,2026-10-02T21:16:26.9768481+08:00
132,B1,90,2,0,200,6516,110039,1,,2026-10-02T21:18:03.5052508+08:00
133,A-t90r3,0,0,1,429,592,329628,0,,2026-10-02T21:18:19.0995284+08:00
134,B1,90,3,0,0,0,0,induce,reinduce=1,2026-10-02T21:18:19.0999522+08:00
135,B1,90,3,0,200,2118,110040,1,,2026-10-02T21:19:51.2339914+08:00
136,B2,0.5,1,1,200,602,110040,1,,2026-10-02T21:19:52.3491431+08:00
137,B2,0.5,1,2,200,806,110040,1,,2026-10-02T21:19:53.6573595+08:00
138,B2,0.5,1,3,200,420,110040,1,,2026-10-02T21:19:54.5833516+08:00
139,B2,0.5,1,4,200,488,110040,1,,2026-10-02T21:19:55.5853632+08:00
140,B2,0.5,1,5,200,506,110040,1,,2026-10-02T21:19:56.6013478+08:00
141,B2,0.5,1,6,200,505,110040,1,,2026-10-02T21:19:57.6125804+08:00
142,B2,0.5,1,7,200,531,110040,1,,2026-10-02T21:19:58.6513967+08:00
143,B2,0.5,1,8,200,464,110040,1,,2026-10-02T21:19:59.6288589+08:00
144,B2,0.5,1,9,200,659,110040,1,,2026-10-02T21:20:00.7896426+08:00
145,B2,0.5,1,10,200,710,110040,1,,2026-10-02T21:20:02.0049528+08:00
146,B2,0.5,1,11,200,1151,110040,1,,2026-10-02T21:20:03.6585307+08:00
147,B2,0.5,1,12,200,1121,110040,1,,2026-10-02T21:20:05.2846805+08:00
148,B2,0.5,1,13,200,572,110040,1,,2026-10-02T21:20:06.3586938+08:00
149,B2,0.5,1,14,200,641,110040,1,,2026-10-02T21:20:07.5115644+08:00
150,B2,0.5,1,15,200,603,110040,1,,2026-10-02T21:20:08.6244225+08:00
151,B2,0.5,1,16,200,735,110040,1,,2026-10-02T21:20:09.8735143+08:00
152,B2,0.5,1,17,200,587,110040,1,,2026-10-02T21:20:10.9678966+08:00
153,B2,0.5,1,18,200,555,110040,1,,2026-10-02T21:20:12.0376894+08:00
154,B2,0.5,1,19,200,495,110040,1,,2026-10-02T21:20:13.0485081+08:00
155,B2,0.5,1,20,200,580,110040,1,,2026-10-02T21:20:14.1335727+08:00
156,B2,0.5,2,1,200,776,110040,1,,2026-10-02T21:20:45.4344264+08:00
157,B2,0.5,2,2,200,540,110040,1,,2026-10-02T21:20:46.4815326+08:00
158,B2,0.5,2,3,200,646,110040,1,,2026-10-02T21:20:47.6416400+08:00
159,B2,0.5,2,4,200,534,110040,1,,2026-10-02T21:20:48.6798951+08:00
160,B2,0.5,2,5,200,531,110040,1,,2026-10-02T21:20:49.7196950+08:00
161,B2,0.5,2,6,200,781,110040,1,,2026-10-02T21:20:51.0046086+08:00
162,B2,0.5,2,7,200,854,110040,1,,2026-10-02T21:20:52.3725898+08:00
163,B2,0.5,2,8,200,634,110040,1,,2026-10-02T21:20:53.5201466+08:00
164,B2,0.5,2,9,200,542,110040,1,,2026-10-02T21:20:54.5665254+08:00
165,B2,0.5,2,10,200,882,110040,1,,2026-10-02T21:20:55.9646649+08:00
166,B2,0.5,2,11,429,910,330034,0,,2026-10-02T21:20:57.3796038+08:00
167,B2,0.5,2,12,429,807,330034,0,,2026-10-02T21:20:58.6921305+08:00
168,B2,0.5,2,13,429,921,330034,0,,2026-10-02T21:21:00.1273422+08:00
169,B2,0.5,2,14,429,1208,330034,0,,2026-10-02T21:21:01.8508960+08:00
170,B2,0.5,2,15,429,1632,330034,0,,2026-10-02T21:21:03.9974622+08:00
171,B2,0.5,2,16,429,840,330034,0,,2026-10-02T21:21:05.3502787+08:00
172,B2,0.5,2,17,429,1554,330034,0,,2026-10-02T21:21:07.4131533+08:00
173,B2,0.5,2,18,429,1134,330034,0,,2026-10-02T21:21:09.0590166+08:00
174,B2,0.5,2,19,429,1495,330034,0,,2026-10-02T21:21:11.0635676+08:00
175,B2,0.5,2,20,429,1827,330034,0,,2026-10-02T21:21:13.3990457+08:00
176,B2,0.5,3,1,0,16250,0,0,,2026-10-02T21:23:30.1643175+08:00
177,B2,0.5,3,2,429,1124,330034,0,,2026-10-02T21:23:31.7917249+08:00
178,B2,0.5,3,3,429,510,330034,0,,2026-10-02T21:23:32.8031310+08:00
179,B2,0.5,3,4,429,750,330034,0,,2026-10-02T21:23:34.0648226+08:00
180,B2,0.5,3,5,429,528,330034,0,,2026-10-02T21:23:35.0990047+08:00
181,B2,0.5,3,6,429,465,330034,0,,2026-10-02T21:23:36.0759565+08:00
182,B2,0.5,3,7,429,580,330034,0,,2026-10-02T21:23:37.1687403+08:00
183,B2,0.5,3,8,429,466,330034,0,,2026-10-02T21:23:38.1409410+08:00
184,B2,0.5,3,9,429,2243,330034,0,,2026-10-02T21:23:40.8927610+08:00
185,B2,0.5,3,10,429,549,330034,0,,2026-10-02T21:23:41.9569259+08:00
186,B2,0.5,3,11,429,600,330034,0,,2026-10-02T21:23:43.0597555+08:00
187,B2,0.5,3,12,429,590,330034,0,,2026-10-02T21:23:44.1528367+08:00
188,B2,0.5,3,13,429,588,330034,0,,2026-10-02T21:23:45.2512597+08:00
189,B2,0.5,3,14,429,580,330034,0,,2026-10-02T21:23:46.3455933+08:00
190,B2,0.5,3,15,429,587,330034,0,,2026-10-02T21:23:47.4395243+08:00
191,B2,0.5,3,16,429,680,330034,0,,2026-10-02T21:23:48.6324789+08:00
192,B2,0.5,3,17,429,1398,330034,0,,2026-10-02T21:23:50.5360140+08:00
193,B2,0.5,3,18,429,698,330034,0,,2026-10-02T21:23:51.7490175+08:00
194,B2,0.5,3,19,429,654,330034,0,,2026-10-02T21:23:52.9178591+08:00
195,B2,0.5,3,20,429,713,330034,0,,2026-10-02T21:23:54.1374844+08:00
196,B2,1,1,1,429,1582,330034,0,,2026-10-02T21:27:56.7527280+08:00
197,B2,1,1,2,429,826,330034,0,,2026-10-02T21:27:58.5838207+08:00
198,B2,1,1,3,429,304,330034,0,,2026-10-02T21:27:59.8978239+08:00
199,B2,1,1,4,429,695,330034,0,,2026-10-02T21:28:01.6073101+08:00
200,B2,1,1,5,429,997,330034,0,,2026-10-02T21:28:03.6056139+08:00
201,B2,1,1,6,429,667,330034,0,,2026-10-02T21:28:05.2828904+08:00
202,B2,1,1,7,429,933,330034,0,,2026-10-02T21:28:07.2262261+08:00
203,B2,1,1,8,429,770,330034,0,,2026-10-02T21:28:09.0093384+08:00
204,B2,1,1,9,429,808,330034,0,,2026-10-02T21:28:10.8202089+08:00
205,B2,1,1,10,429,962,330034,0,,2026-10-02T21:28:12.7873567+08:00
206,B2,1,1,11,429,1097,330034,0,,2026-10-02T21:28:14.8951010+08:00
207,B2,1,1,12,429,997,330034,0,,2026-10-02T21:28:16.9085427+08:00
208,B2,1,1,13,429,1038,330034,0,,2026-10-02T21:28:18.9476260+08:00
209,B2,1,1,14,429,1679,330034,0,,2026-10-02T21:28:21.6369965+08:00
210,B2,1,1,15,429,1255,330034,0,,2026-10-02T21:28:23.8958149+08:00
211,B2,1,1,16,429,1399,330034,0,,2026-10-02T21:28:26.3032929+08:00
212,B2,1,1,17,429,1457,330034,0,,2026-10-02T21:28:28.7636845+08:00
213,B2,1,1,18,429,1276,330034,0,,2026-10-02T21:28:31.0449092+08:00
214,B2,1,1,19,429,1042,330034,0,,2026-10-02T21:28:33.0896223+08:00
215,B2,1,1,20,429,1108,330034,0,,2026-10-02T21:28:35.2021825+08:00
216,B2,1,2,1,200,1177,110039,1,,2026-10-02T21:30:37.3841279+08:00
217,B2,1,2,2,200,490,110039,1,,2026-10-02T21:30:38.8813309+08:00
218,B2,1,2,3,200,4017,110039,1,,2026-10-02T21:30:43.9109168+08:00
219,B2,1,2,4,200,740,110039,1,,2026-10-02T21:30:45.6561839+08:00
220,B2,1,2,5,200,463,110039,1,,2026-10-02T21:30:47.1313123+08:00
221,B2,1,2,6,200,570,110039,1,,2026-10-02T21:30:48.7108258+08:00
222,B2,1,2,7,200,506,110039,1,,2026-10-02T21:30:50.2299043+08:00
223,B2,1,2,8,200,1413,110039,1,,2026-10-02T21:30:52.6563124+08:00
224,B2,1,2,9,200,809,110039,1,,2026-10-02T21:30:54.4754504+08:00
225,B2,1,2,10,200,4428,110039,1,,2026-10-02T21:30:59.9129602+08:00
226,B2,1,2,11,200,1004,110039,1,,2026-10-02T21:31:01.9239207+08:00
227,B2,1,2,12,200,1141,110039,1,,2026-10-02T21:31:04.0717881+08:00
228,B2,1,2,13,200,827,110039,1,,2026-10-02T21:31:05.9067092+08:00
229,B2,1,2,14,200,1411,110039,1,,2026-10-02T21:31:08.3200420+08:00
230,B2,1,2,15,200,784,110039,1,,2026-10-02T21:31:10.1092796+08:00
231,B2,1,2,16,200,953,110039,1,,2026-10-02T21:31:12.0738500+08:00
232,B2,1,2,17,200,651,110039,1,,2026-10-02T21:31:13.7398409+08:00
233,B2,1,2,18,200,741,110039,1,,2026-10-02T21:31:15.4878163+08:00
234,B2,1,2,19,200,789,110039,1,,2026-10-02T21:31:17.2875597+08:00
235,B2,1,2,20,200,628,110039,1,,2026-10-02T21:31:18.9264172+08:00
236,B2,1,3,1,429,1258,330034,0,,2026-10-02T21:31:51.2071753+08:00
237,B2,1,3,2,429,1342,330034,0,,2026-10-02T21:31:53.5556055+08:00
238,B2,1,3,3,429,1221,330034,0,,2026-10-02T21:31:55.7848494+08:00
239,B2,1,3,4,429,1444,330034,0,,2026-10-02T21:31:58.2442163+08:00
240,B2,1,3,5,429,1907,330034,0,,2026-10-02T21:32:01.1583036+08:00
241,B2,1,3,6,429,1576,330034,0,,2026-10-02T21:32:03.7476798+08:00
242,B2,1,3,7,429,1787,330034,0,,2026-10-02T21:32:06.5435414+08:00
243,B2,1,3,8,429,1877,330034,0,,2026-10-02T21:32:09.4363005+08:00
244,B2,1,3,9,429,2485,330034,0,,2026-10-02T21:32:12.9274498+08:00
245,B2,1,3,10,429,2676,330034,0,,2026-10-02T21:32:16.6179986+08:00
246,B2,1,3,11,429,1883,330034,0,,2026-10-02T21:32:19.5034918+08:00
247,B2,1,3,12,429,2065,330034,0,,2026-10-02T21:32:22.5725462+08:00
248,B2,1,3,13,429,1554,330034,0,,2026-10-02T21:32:25.1287155+08:00
249,B2,1,3,14,429,1839,330034,0,,2026-10-02T21:32:27.9720626+08:00
250,B2,1,3,15,429,2917,330034,0,,2026-10-02T21:32:31.8988509+08:00
251,B2,1,3,16,429,2546,330034,0,,2026-10-02T21:32:35.4580253+08:00
252,B2,1,3,17,429,1250,330034,0,,2026-10-02T21:32:37.7122839+08:00
253,B2,1,3,18,429,2542,330034,0,,2026-10-02T21:32:41.2588497+08:00
254,B2,1,3,19,429,601,330034,0,,2026-10-02T21:32:42.8644362+08:00
255,B2,1,3,20,429,495,330034,0,,2026-10-02T21:32:44.3713362+08:00
256,B2,2,1,1,429,1250,330034,0,,2026-10-02T21:36:47.6482981+08:00
257,B2,2,1,2,429,976,330034,0,,2026-10-02T21:36:50.6259892+08:00
258,B2,2,1,3,429,888,330034,0,,2026-10-02T21:36:53.5265343+08:00
259,B2,2,1,4,429,763,330034,0,,2026-10-02T21:36:56.2943329+08:00
260,B2,2,1,5,429,824,330034,0,,2026-10-02T21:36:59.1256623+08:00
261,B2,2,1,6,429,1120,330034,0,,2026-10-02T21:37:02.2553088+08:00
262,B2,2,1,7,429,883,330034,0,,2026-10-02T21:37:05.1471512+08:00
263,B2,2,1,8,429,844,330034,0,,2026-10-02T21:37:08.0032148+08:00
264,B2,2,1,9,429,1094,330034,0,,2026-10-02T21:37:11.1018459+08:00
265,B2,2,1,10,429,1058,330034,0,,2026-10-02T21:37:14.1721741+08:00
266,B2,2,1,11,429,1153,330034,0,,2026-10-02T21:37:17.3330294+08:00
267,B2,2,1,12,429,788,330034,0,,2026-10-02T21:37:20.1251343+08:00
268,B2,2,1,13,429,718,330034,0,,2026-10-02T21:37:22.8473718+08:00
269,B2,2,1,14,429,777,330034,0,,2026-10-02T21:37:25.6274904+08:00
270,B2,2,1,15,429,660,330034,0,,2026-10-02T21:37:28.2915945+08:00
271,B2,2,1,16,429,666,330034,0,,2026-10-02T21:37:30.9620593+08:00
272,B2,2,1,17,429,599,330034,0,,2026-10-02T21:37:33.5667251+08:00
273,B2,2,1,18,429,1307,330034,0,,2026-10-02T21:37:36.8825040+08:00
274,B2,2,1,19,429,582,330034,0,,2026-10-02T21:37:39.4733128+08:00
275,B2,2,1,20,429,789,330034,0,,2026-10-02T21:37:42.2675274+08:00
276,B2,2,2,1,429,1837,330034,0,,2026-10-02T21:39:46.1070328+08:00
277,B2,2,2,2,429,1008,330034,0,,2026-10-02T21:39:49.1169468+08:00
278,B2,2,2,3,429,872,330034,0,,2026-10-02T21:39:52.0014067+08:00
279,B2,2,2,4,429,827,330034,0,,2026-10-02T21:39:54.8307360+08:00
280,B2,2,2,5,429,934,330034,0,,2026-10-02T21:39:57.7673370+08:00
281,B2,2,2,6,429,751,330034,0,,2026-10-02T21:40:00.5290192+08:00
282,B2,2,2,7,429,855,330034,0,,2026-10-02T21:40:03.3873041+08:00
283,B2,2,2,8,429,894,330034,0,,2026-10-02T21:40:06.2929646+08:00
284,B2,2,2,9,429,907,330034,0,,2026-10-02T21:40:09.2064007+08:00
285,B2,2,2,10,429,995,330034,0,,2026-10-02T21:40:12.2056687+08:00
286,B2,2,2,11,429,1007,330034,0,,2026-10-02T21:40:15.2193302+08:00
287,B2,2,2,12,429,1120,330034,0,,2026-10-02T21:40:18.3448001+08:00
288,B2,2,2,13,429,1265,330034,0,,2026-10-02T21:40:21.6133174+08:00
289,B2,2,2,14,429,1046,330034,0,,2026-10-02T21:40:24.6615199+08:00
290,B2,2,2,15,429,1400,330034,0,,2026-10-02T21:40:28.0708509+08:00
291,B2,2,2,16,429,1274,330034,0,,2026-10-02T21:40:31.3591992+08:00
292,B2,2,2,17,429,1598,330034,0,,2026-10-02T21:40:34.9654128+08:00
293,B2,2,2,18,200,837,110038,1,,2026-10-02T21:40:37.8168124+08:00
294,B2,2,2,19,200,699,110038,1,,2026-10-02T21:40:40.5306207+08:00
295,B2,2,2,20,200,1161,110038,1,,2026-10-02T21:40:43.7021519+08:00
296,B2,2,3,1,200,1196,110038,1,,2026-10-02T21:42:46.9130881+08:00
297,B2,2,3,2,200,530,110038,1,,2026-10-02T21:42:49.4563516+08:00
298,B2,2,3,3,200,1488,110038,1,,2026-10-02T21:42:52.9576697+08:00
299,B2,2,3,4,200,1354,110038,1,,2026-10-02T21:42:56.3280645+08:00
300,B2,2,3,5,200,2233,110038,1,,2026-10-02T21:43:00.5641541+08:00
301,B2,2,3,6,200,958,110038,1,,2026-10-02T21:43:03.5364604+08:00
302,B2,2,3,7,200,609,110038,1,,2026-10-02T21:43:06.1480294+08:00
303,B2,2,3,8,200,768,110038,1,,2026-10-02T21:43:08.9267311+08:00
304,B2,2,3,9,200,593,110038,1,,2026-10-02T21:43:11.5278749+08:00
305,B2,2,3,10,200,544,110038,1,,2026-10-02T21:43:14.0825423+08:00
306,B2,2,3,11,200,491,110038,1,,2026-10-02T21:43:16.5853552+08:00
307,B2,2,3,12,200,615,110038,1,,2026-10-02T21:43:19.2052809+08:00
308,B2,2,3,13,200,528,110038,1,,2026-10-02T21:43:21.7373999+08:00
309,B2,2,3,14,200,805,110038,1,,2026-10-02T21:43:24.5514378+08:00
310,B2,2,3,15,200,528,110038,1,,2026-10-02T21:43:27.0822136+08:00
311,B2,2,3,16,200,640,110038,1,,2026-10-02T21:43:29.7355643+08:00
312,B2,2,3,17,200,572,110038,1,,2026-10-02T21:43:32.3162315+08:00
313,B2,2,3,18,429,973,330034,0,,2026-10-02T21:43:35.2926979+08:00
314,B2,2,3,19,429,1319,330034,0,,2026-10-02T21:43:38.6137396+08:00
315,B2,2,3,20,429,614,330034,0,,2026-10-02T21:43:41.2419843+08:00
316,B2,4,1,1,429,1171,330034,0,,2026-10-02T21:47:46.4576550+08:00
317,B2,4,1,2,429,634,330034,0,,2026-10-02T21:47:51.0965993+08:00
318,B2,4,1,3,429,1324,330034,0,,2026-10-02T21:47:56.4333268+08:00
319,B2,4,1,4,429,2874,330034,0,,2026-10-02T21:48:03.3119699+08:00
320,B2,4,1,5,429,831,330034,0,,2026-10-02T21:48:08.1510676+08:00
321,B2,4,1,6,429,1098,330034,0,,2026-10-02T21:48:13.2582608+08:00
322,B2,4,1,7,429,1990,330034,0,,2026-10-02T21:48:19.2549116+08:00
323,B2,4,1,8,429,410,330034,0,,2026-10-02T21:48:23.6732712+08:00
324,B2,4,1,9,429,1194,330034,0,,2026-10-02T21:48:28.8772238+08:00
325,B2,4,1,10,429,954,330034,0,,2026-10-02T21:48:33.8456953+08:00
326,B2,4,1,11,429,1221,330034,0,,2026-10-02T21:48:39.0698659+08:00
327,B2,4,1,12,429,1266,330034,0,,2026-10-02T21:48:44.3414207+08:00
328,B2,4,1,13,429,1341,330034,0,,2026-10-02T21:48:49.6871117+08:00
329,B2,4,1,14,429,784,330034,0,,2026-10-02T21:48:54.4723259+08:00
330,B2,4,1,15,429,627,330034,0,,2026-10-02T21:48:59.1093931+08:00
331,B2,4,1,16,429,399,330034,0,,2026-10-02T21:49:03.5129733+08:00
332,B2,4,1,17,429,730,330034,0,,2026-10-02T21:49:08.2443189+08:00
333,B2,4,1,18,429,863,330034,0,,2026-10-02T21:49:13.1127529+08:00
334,B2,4,1,19,429,1630,330034,0,,2026-10-02T21:49:18.7441991+08:00
335,B2,4,1,20,429,1637,330034,0,,2026-10-02T21:49:24.3924542+08:00
336,B2,4,2,1,200,2098,110037,1,,2026-10-02T21:51:30.5141832+08:00
337,B2,4,2,2,200,530,110037,1,,2026-10-02T21:51:35.0593751+08:00
338,B2,4,2,3,200,883,110037,1,,2026-10-02T21:51:39.9551821+08:00
339,B2,4,2,4,200,488,110037,1,,2026-10-02T21:51:44.4555190+08:00
340,B2,4,2,5,200,510,110037,1,,2026-10-02T21:51:48.9780069+08:00
341,B2,4,2,6,200,647,110036,1,,2026-10-02T21:51:53.6386140+08:00
342,B2,4,2,7,200,498,110036,1,,2026-10-02T21:51:58.1382674+08:00
343,B2,4,2,8,200,586,110035,1,,2026-10-02T21:52:02.7287165+08:00
344,B2,4,2,9,200,493,110035,1,,2026-10-02T21:52:07.2325691+08:00
345,B2,4,2,10,200,536,110035,1,,2026-10-02T21:52:11.7744269+08:00
346,B2,4,2,11,200,497,110035,1,,2026-10-02T21:52:16.2755834+08:00
347,B2,4,2,12,200,505,110035,1,,2026-10-02T21:52:20.7852878+08:00
348,B2,4,2,13,200,574,110035,1,,2026-10-02T21:52:25.3677903+08:00
349,B2,4,2,14,200,591,110035,1,,2026-10-02T21:52:29.9729353+08:00
350,B2,4,2,15,200,551,110035,1,,2026-10-02T21:52:34.5356959+08:00
351,B2,4,2,16,200,628,110035,1,,2026-10-02T21:52:39.1691247+08:00
352,B2,4,2,17,200,560,110035,1,,2026-10-02T21:52:43.7399080+08:00
353,B2,4,2,18,200,677,110035,1,,2026-10-02T21:52:48.4233438+08:00
354,B2,4,2,19,200,589,110035,1,,2026-10-02T21:52:53.0160577+08:00
355,B2,4,2,20,200,713,110035,1,,2026-10-02T21:52:57.7319456+08:00
356,B2,4,3,1,429,1500,330034,0,,2026-10-02T21:53:33.2473751+08:00
357,B2,4,3,2,429,1735,330034,0,,2026-10-02T21:53:38.9974603+08:00
358,B2,4,3,3,429,1525,330034,0,,2026-10-02T21:53:44.5352454+08:00
359,B2,4,3,4,429,850,330034,0,,2026-10-02T21:53:49.3989168+08:00
360,B2,4,3,5,429,862,330034,0,,2026-10-02T21:53:54.2761178+08:00
361,B2,4,3,6,429,609,330034,0,,2026-10-02T21:53:58.8938920+08:00
362,B2,4,3,7,429,1983,330034,0,,2026-10-02T21:54:04.8928625+08:00
363,B2,4,3,8,429,762,330034,0,,2026-10-02T21:54:09.6653661+08:00
364,B2,4,3,9,429,2349,330034,0,,2026-10-02T21:54:16.0273380+08:00
365,B2,4,3,10,429,770,330034,0,,2026-10-02T21:54:20.8069238+08:00
366,B2,4,3,11,429,1199,330034,0,,2026-10-02T21:54:26.0209434+08:00
367,B2,4,3,12,429,748,330034,0,,2026-10-02T21:54:30.7735415+08:00
368,B2,4,3,13,429,2390,330034,0,,2026-10-02T21:54:37.1704532+08:00
369,B2,4,3,14,429,648,330034,0,,2026-10-02T21:54:41.8254675+08:00
370,B2,4,3,15,429,523,330034,0,,2026-10-02T21:54:46.3549625+08:00
371,B2,4,3,16,429,666,330034,0,,2026-10-02T21:54:51.0262132+08:00
372,B2,4,3,17,429,1613,330034,0,,2026-10-02T21:54:56.6541730+08:00
373,B2,4,3,18,429,1147,330034,0,,2026-10-02T21:55:01.8127604+08:00
374,B2,4,3,19,429,1274,330034,0,,2026-10-02T21:55:07.0983450+08:00
375,B2,4,3,20,429,651,330034,0,,2026-10-02T21:55:11.7644872+08:00
376,B2,8,1,1,429,1326,330034,0,,2026-10-02T21:59:21.1089684+08:00
377,B2,8,1,2,429,917,330034,0,,2026-10-02T21:59:30.0293901+08:00
378,B2,8,1,3,429,555,330034,0,,2026-10-02T21:59:38.5883787+08:00
379,B2,8,1,4,429,712,330034,0,,2026-10-02T21:59:47.3065836+08:00
380,B2,8,1,5,429,751,330034,0,,2026-10-02T21:59:56.0674366+08:00
381,B2,8,1,6,429,832,330034,0,,2026-10-02T22:00:04.9107805+08:00
382,B2,8,1,7,429,1045,330034,0,,2026-10-02T22:00:13.9650108+08:00
383,B2,8,1,8,429,2912,330034,0,,2026-10-02T22:00:24.8819650+08:00
384,B2,8,1,9,429,881,330034,0,,2026-10-02T22:00:33.7637454+08:00
385,B2,8,1,10,429,939,330034,0,,2026-10-02T22:00:42.7177362+08:00
386,B2,8,1,11,429,1035,330034,0,,2026-10-02T22:00:51.7571264+08:00
387,B2,8,1,12,429,1152,330034,0,,2026-10-02T22:01:00.9187102+08:00
388,B2,8,1,13,429,1163,330034,0,,2026-10-02T22:01:10.0838841+08:00
389,B2,8,1,14,429,1313,330034,0,,2026-10-02T22:01:19.4107788+08:00
390,B2,8,1,15,429,1205,330034,0,,2026-10-02T22:01:28.6205485+08:00
391,B2,8,1,16,200,1303,109484,1,,2026-10-02T22:01:37.9378148+08:00
392,B2,8,1,17,200,548,109484,1,,2026-10-02T22:01:46.4892554+08:00
393,B2,8,1,18,200,827,109484,1,,2026-10-02T22:01:55.3300638+08:00
394,B2,8,1,19,200,603,109484,1,,2026-10-02T22:02:03.9422633+08:00
395,B2,8,1,20,200,568,109484,1,,2026-10-02T22:02:12.5189103+08:00
396,B2,8,2,1,200,1244,109484,1,,2026-10-02T22:04:21.7751802+08:00
397,B2,8,2,2,200,583,109484,1,,2026-10-02T22:04:30.3612579+08:00
398,B2,8,2,3,200,613,109484,1,,2026-10-02T22:04:38.9817857+08:00
399,B2,8,2,4,200,615,109484,1,,2026-10-02T22:04:47.6005266+08:00
400,B2,8,2,5,200,4009,109484,1,,2026-10-02T22:04:59.6118914+08:00
401,B2,8,2,6,200,785,109484,1,,2026-10-02T22:05:08.4042098+08:00
402,B2,8,2,7,200,848,109484,1,,2026-10-02T22:05:17.2612066+08:00
403,B2,8,2,8,200,553,109484,1,,2026-10-02T22:05:25.8161716+08:00
404,B2,8,2,9,200,932,109484,1,,2026-10-02T22:05:34.7528073+08:00
405,B2,8,2,10,200,847,109484,1,,2026-10-02T22:05:43.6060276+08:00
406,B2,8,2,11,200,696,109484,1,,2026-10-02T22:05:52.3055258+08:00
407,B2,8,2,12,200,592,109484,1,,2026-10-02T22:06:00.9019208+08:00
408,B2,8,2,13,200,647,109484,1,,2026-10-02T22:06:09.5582989+08:00
409,B2,8,2,14,200,575,109484,1,,2026-10-02T22:06:18.1491161+08:00
410,B2,8,2,15,200,1434,109484,1,,2026-10-02T22:06:27.5952400+08:00
411,B2,8,2,16,429,885,330034,0,,2026-10-02T22:06:36.4811631+08:00
412,B2,8,2,17,429,754,330034,0,,2026-10-02T22:06:45.2503682+08:00
413,B2,8,2,18,429,1537,330034,0,,2026-10-02T22:06:54.7961064+08:00
414,B2,8,2,19,429,819,330034,0,,2026-10-02T22:07:03.6199667+08:00
415,B2,8,2,20,429,322,330034,0,,2026-10-02T22:07:11.9564255+08:00
416,B2,8,3,1,429,1976,330034,0,,2026-10-02T22:09:21.9502927+08:00
417,B2,8,3,2,429,804,330034,0,,2026-10-02T22:09:30.7569633+08:00
418,B2,8,3,3,429,995,330034,0,,2026-10-02T22:09:39.7656287+08:00
419,B2,8,3,4,429,891,330034,0,,2026-10-02T22:09:48.6588822+08:00
420,B2,8,3,5,429,1132,330034,0,,2026-10-02T22:09:57.8045438+08:00
421,B2,8,3,6,429,944,330034,0,,2026-10-02T22:10:06.7559525+08:00
422,B2,8,3,7,429,1599,330034,0,,2026-10-02T22:10:16.3590558+08:00
423,B2,8,3,8,429,1116,330034,0,,2026-10-02T22:10:25.4874076+08:00
424,B2,8,3,9,429,1233,330034,0,,2026-10-02T22:10:34.7296594+08:00
425,B2,8,3,10,429,1334,330034,0,,2026-10-02T22:10:44.0697765+08:00
426,B2,8,3,11,429,1498,330034,0,,2026-10-02T22:10:53.5834626+08:00
427,B2,8,3,12,429,1845,330034,0,,2026-10-02T22:11:03.4419486+08:00
428,B2,8,3,13,429,2062,330034,0,,2026-10-02T22:11:13.5132967+08:00
429,B2,8,3,14,429,1176,330034,0,,2026-10-02T22:11:22.6997980+08:00
430,B2,8,3,15,429,462,330034,0,,2026-10-02T22:11:31.1716475+08:00
431,B2,8,3,16,200,467,109484,1,,2026-10-02T22:11:39.6458695+08:00
432,B2,8,3,17,200,418,109484,1,,2026-10-02T22:11:48.0779142+08:00
433,B2,8,3,18,200,728,109484,1,,2026-10-02T22:11:56.8198155+08:00
434,B2,8,3,19,200,429,109484,1,,2026-10-02T22:12:05.2536159+08:00
435,B2,8,3,20,200,474,109484,1,,2026-10-02T22:12:13.7326170+08:00